id;empresa;comunicacion
1;1509;1
2;1511;2
3;1511;3
4;1512;4
5;1514;5
6;1514;6
7;1514;7
8;1515;8
9;1516;9
10;1517;10
11;1517;11
12;1517;12
13;1518;13
14;1519;14
15;1521;15
16;1523;16
17;1524;17
18;1524;18
19;1526;19
20;1527;20
21;1527;21
22;1528;22
23;1529;23
24;1530;24
25;1530;25
26;1530;26
27;1531;27
28;1533;28
29;1534;29
30;1535;30
31;1536;31
32;1537;32
33;1537;33
34;1538;34
35;1540;35
36;1541;36
37;1541;37
38;1543;38
39;1543;39
40;1544;40
41;1545;41
42;1546;42
43;1547;43
44;1547;44
45;1548;45
46;1549;46
47;1549;47
48;1550;48
49;1552;49
50;1555;50
51;1555;51
52;1556;52
53;1557;53
54;1557;54
55;1557;55
56;1558;56
57;1560;57
58;1561;58
59;1562;59
60;1562;60
61;1563;61
62;1563;62
63;1564;63
64;1565;64
65;1565;65
66;1566;66
67;1566;67
68;1567;68
69;1568;69
70;1569;70
71;1569;71
72;1570;72
73;1571;73
74;1572;74
75;1574;75
76;1574;76
77;1575;77
78;1576;78
79;1576;79
80;1577;80
81;1579;81
82;1579;82
83;1580;83
84;1580;84
85;1581;85
86;1581;86
87;1581;87
88;1582;88
89;1583;89
90;1583;90
91;1583;91
92;1584;92
93;1586;93
94;1587;94
95;1589;95
96;1592;96
97;1593;97
98;1593;98
99;1594;99
100;1594;100
101;1595;101
102;1596;102
103;1598;103
104;1599;104
105;1601;105
106;1601;106
107;1601;107
108;1602;108
109;1603;109
110;1604;110
111;1605;111
112;1605;112
113;1606;113
114;1606;114
115;1607;115
116;1607;116
117;1608;117
118;1608;118
119;1610;119
120;1610;120
121;1610;121
122;1611;122
123;1612;123
124;1613;124
125;1613;125
126;1614;126
127;1614;127
128;1615;128
129;1615;129
130;1615;130
131;1616;131
132;1617;132
133;1617;133
134;1617;134
135;1618;135
136;1618;136
137;1619;137
138;1619;138
139;1620;139
140;1621;140
141;1622;141
142;1623;142
143;1624;143
144;1625;144
145;1625;145
146;1627;146
147;1628;147
148;1628;148
149;1629;149
150;1629;150
151;1630;151
152;1631;152
153;1631;153
154;1632;154
155;1632;155
156;1633;156
157;1634;157
158;1634;158
159;1636;159
160;1637;160
161;1638;161
162;1639;162
163;1639;163
164;1640;164
165;1643;165
166;1643;166
167;1644;167
168;1645;168
169;1645;169
170;1647;170
171;1649;171
172;1650;172
173;1651;173
174;1651;174
175;1652;175
176;1652;176
177;1652;177
178;1653;178
179;1656;179
180;1657;180
181;1658;181
182;1658;182
183;1659;183
184;1660;184
185;1662;185
186;1663;186
187;1663;187
188;1664;188
189;1664;189
190;1665;190
191;1666;191
192;1667;192
193;1667;193
194;1668;194
195;1668;195
196;1671;196
197;1671;197
198;1673;198
199;1674;199
200;1674;200
201;1676;201
202;1676;202
203;1677;203
204;1677;204
205;1678;205
206;1679;206
207;1679;207
208;1680;208
209;1681;209
210;1681;210
211;1682;211
212;1683;212
213;1684;213
214;1686;214
215;1687;215
216;1688;216
217;1689;217
218;1689;218
219;1690;219
220;1692;220
221;1693;221
222;1694;222
223;1695;223
224;1696;224
225;1696;225
226;1697;226
227;1698;227
228;1698;228
229;1699;229
230;1700;230
231;1701;231
232;1702;232
233;1702;233
234;1703;234
235;1704;235
236;1704;236
237;1704;237
238;1705;238
239;1707;239
240;1707;240
241;1708;241
242;1708;242
243;1710;243
244;1710;244
245;1711;245
246;1711;246
247;1713;247
248;1714;248
249;1715;249
250;1716;250
251;1716;251
252;1717;252
253;1717;253
254;1718;254
255;1718;255
256;1719;256
257;1719;257
258;1719;258
259;1722;259
260;1722;260
261;1723;261
262;1723;262
263;1724;263
264;1725;264
265;1725;265
266;1725;266
267;1726;267
268;1727;268
269;1728;269
270;1729;270
271;1730;271
272;1731;272
273;1732;273
274;1732;274
275;1733;275
276;1733;276
277;1734;277
278;1734;278
279;1735;279
280;1736;280
281;1736;281
282;1738;282
283;1738;283
284;1739;284
285;1739;285
286;1741;286
287;1742;287
288;1742;288
289;1743;289
290;1743;290
291;1746;291
292;1747;292
293;1748;293
294;1749;294
295;1750;295
296;1750;296
297;1751;297
298;1752;298
299;1754;299
300;1756;300
301;1757;301
302;1758;302
303;1758;303
304;1759;304
305;1760;305
306;1761;306
307;1762;307
308;1763;308
309;1764;309
310;1764;310
311;1766;311
312;1767;312
313;1767;313
314;1770;314
315;1771;315
316;1771;316
317;1772;317
318;1772;318
319;1773;319
320;1775;320
321;1775;321
322;1776;322
323;1776;323
324;1777;324
325;1777;325
326;1778;326
327;1779;327
328;1780;328
329;1780;329
330;1781;330
331;1781;331
332;1782;332
333;1782;333
334;1783;334
335;1784;335
336;1786;336
337;1786;337
338;1787;338
339;1787;339
340;1789;340
341;1790;341
342;1791;342
343;1791;343
344;1792;344
345;1793;345
346;1793;346
347;1794;347
348;1795;348
349;1796;349
350;1798;350
351;1800;351
352;1801;352
353;1802;353
354;1802;354
355;1804;355
356;1805;356
357;1805;357
358;1806;358
359;1807;359
360;1807;360
361;1808;361
362;1808;362
363;1809;363
364;1810;364
365;1811;365
366;1812;366
367;1812;367
368;1813;368
369;1813;369
370;1814;370
371;1815;371
372;1818;372
373;1819;373
374;1820;374
375;1822;375
376;1822;376
377;1823;377
378;1823;378
379;1824;379
380;1825;380
381;1825;381
382;1826;382
383;1826;383
384;1826;384
385;1828;385
386;1828;386
387;1830;387
388;1831;388
389;1831;389
390;1833;390
391;1834;391
392;1835;392
393;1836;393
394;1836;394
395;1837;395
396;1838;396
397;1838;397
398;1839;398
399;1840;399
400;1841;400
401;1842;401
402;1843;402
403;1843;403
404;1843;404
405;1844;405
406;1844;406
407;1845;407
408;1847;408
409;1848;409
410;1849;410
411;1851;411
412;1852;412
413;1853;413
414;1855;414
415;1856;415
416;1857;416
417;1858;417
418;1860;418
419;1861;419
420;1861;420
421;1862;421
422;1862;422
423;1863;423
424;1863;424
425;1864;425
426;1866;426
427;1867;427
428;1867;428
429;1868;429
430;1869;430
431;1870;431
432;1870;432
433;1870;433
434;1871;434
435;1871;435
436;1871;436
437;1872;437
438;1872;438
439;1873;439
440;1874;440
441;1874;441
442;1875;442
443;1876;443
444;1876;444
445;1877;445
446;1878;446
447;1879;447
448;1879;448
449;1880;449
450;1882;450
451;1883;451
452;1883;452
453;1884;453
454;1884;454
455;1885;455
456;1885;456
457;1886;457
458;1886;458
459;1887;459
460;1889;460
461;1889;461
462;1890;462
463;1890;463
464;1890;464
465;1891;465
466;1893;466
467;1894;467
468;1894;468
469;1894;469
470;1895;470
471;1895;471
472;1896;472
473;1896;473
474;1896;474
475;1897;475
476;1898;476
477;1900;477
478;1901;478
479;1903;479
480;1904;480
481;1905;481
482;1906;482
483;1906;483
484;1907;484
485;1908;485
486;1909;486
487;1910;487
488;1911;488
489;1912;489
490;1912;490
491;1913;491
492;1914;492
493;1915;493
494;1916;494
495;1917;495
496;1919;496
497;1920;497
498;1921;498
499;1922;499
500;1924;500
501;1925;501
502;1925;502
503;1926;503
504;1927;504
505;1928;505
506;1931;506
507;1933;507
508;1933;508
509;1934;509
510;1934;510
511;1936;511
512;1937;512
513;1938;513
514;1938;514
515;1939;515
516;1939;516
517;1939;517
518;1940;518
519;1940;519
520;1941;520
521;1942;521
522;1942;522
523;1943;523
524;1945;524
525;1946;525
526;1947;526
527;1947;527
528;1948;528
529;1949;529
530;1950;530
531;1951;531
532;1952;532
533;1953;533
534;1953;534
535;1954;535
536;1955;536
537;1956;537
538;1957;538
539;1958;539
540;1959;540
541;1959;541
542;1960;542
543;1961;543
544;1962;544
545;1963;545
546;1964;546
547;1965;547
548;1965;548
549;1966;549
550;1967;550
551;1968;551
552;1969;552
553;1970;553
554;1971;554
555;1972;555
556;1973;556
557;1974;557
558;1974;558
559;1975;559
560;1976;560
561;1977;561
562;1978;562
563;1979;563
564;1980;564
565;1982;565
566;1984;566
567;1985;567
568;1985;568
569;1985;569
570;1986;570
571;1987;571
572;1988;572
573;1989;573
574;1990;574
575;1991;575
576;1991;576
577;1993;577
578;1994;578
579;1994;579
580;1995;580
581;1997;581
582;1999;582
583;2000;583
584;2001;584
585;2002;585
586;2002;586
587;2006;587
588;2007;588
589;2007;589
590;2008;590
591;2010;591
592;2010;592
593;2011;593
594;2012;594
595;2012;595
596;2013;596
597;2014;597
598;2014;598
599;2015;599
600;2016;600
601;2016;601
602;2017;602
603;2018;603
604;2019;604
605;2020;605
606;2021;606
607;2022;607
608;2024;608
609;2025;609
610;2026;610
611;2027;611
612;2027;612
613;2028;613
614;2028;614
615;2029;615
616;2030;616
617;2031;617
618;2032;618
619;2033;619
620;2034;620
621;2035;621
622;2036;622
623;2038;623
624;2038;624
625;2039;625
626;2040;626
627;2041;627
628;2042;628
629;2043;629
630;2044;630
631;2045;631
632;2046;632
633;2046;633
634;2046;634
635;2047;635
636;2048;636
637;2049;637
638;2049;638
639;2050;639
640;2051;640
641;2053;641
642;2054;642
643;2055;643
644;2056;644
645;2057;645
646;2058;646
647;2058;647
648;2059;648
649;2060;649
650;2061;650
651;2062;651
652;2062;652
653;2062;653
654;2063;654
655;2064;655
656;2064;656
657;2065;657
658;2066;658
659;3618;659
660;3619;660
661;3621;661
662;3621;662
663;3624;663
664;3624;664
665;3624;665
666;3624;666
667;3625;667
668;3627;668
669;3628;669
670;3629;670
671;3630;671
672;3630;672
673;3631;673
674;3632;674
675;3632;675
676;3632;676
677;3633;677
678;3634;678
679;3634;679
680;3635;680
681;3635;681
682;3636;682
683;3636;683
684;3637;684
685;3638;685
686;3639;686
687;3640;687
688;3640;688
689;3642;689
690;3642;690
691;3643;691
692;3643;692
693;3643;693
694;3645;694
695;3645;695
696;3645;696
697;3646;697
698;3646;698
699;3646;699
700;3648;700
701;3650;701
702;3651;702
703;3652;703
704;3652;704
705;3653;705
706;3653;706
707;3653;707
708;3655;708
709;3655;709
710;3655;710
711;3658;711
712;3659;712
713;3660;713
714;3662;714
715;3665;715
716;3667;716
717;3667;717
718;3668;718
719;3672;719
720;3672;720
721;3672;721
722;3675;722
723;3676;723
724;3676;724
725;3677;725
726;3677;726
727;3677;727
728;3681;728
729;3685;729
730;3687;730
731;3689;731
732;3692;732
733;3693;733
734;3694;734
735;3695;735
736;3696;736
737;3696;737
738;3696;738
739;3697;739
740;3697;740
741;3699;741
742;3699;742
743;3701;743
744;3702;744
745;3703;745
746;3705;746
747;3706;747
748;3707;748
749;3707;749
750;3708;750
751;3708;751
752;3712;752
753;3712;753
754;3713;754
755;3713;755
756;3714;756
757;3714;757
758;3717;758
759;3718;759
760;3719;760
761;3720;761
762;3721;762
763;3721;763
764;3723;764
765;3728;765
766;3729;766
767;3730;767
768;3730;768
769;3731;769
770;3732;770
771;3733;771
772;3735;772
773;3735;773
774;3736;774
775;3736;775
776;3737;776
777;3738;777
778;3739;778
779;3740;779
780;3741;780
781;3742;781
782;3742;782
783;3743;783
784;3743;784
785;3744;785
786;3745;786
787;3747;787
788;3747;788
789;3748;789
790;3749;790
791;3750;791
792;3751;792
793;3751;793
794;3752;794
795;3753;795
796;3755;796
797;3757;797
798;3758;798
799;3759;799
800;3760;800
801;3761;801
802;3762;802
803;3762;803
804;3764;804
805;3764;805
806;3765;806
807;3765;807
808;3766;808
809;3766;809
810;3767;810
811;3768;811
812;3768;812
813;3769;813
814;3770;814
815;3770;815
816;3771;816
817;3773;817
818;3775;818
819;3776;819
820;3777;820
821;3779;821
822;3779;822
823;3779;823
824;3781;824
825;3782;825
826;3784;826
827;3786;827
828;3787;828
829;3788;829
830;3788;830
831;3789;831
832;3790;832
833;3790;833
834;3790;834
835;3792;835
836;3793;836
837;3794;837
838;3794;838
839;3794;839
840;3794;840
841;3795;841
842;3795;842
843;3795;843
844;3796;844
845;3797;845
846;3797;846
847;3798;847
848;3799;848
849;3799;849
850;3799;850
851;3800;851
852;3801;852
853;3802;853
854;3802;854
855;3804;855
856;3805;856
857;3806;857
858;3807;858
859;3807;859
860;3807;860
861;3808;861
862;3810;862
863;3811;863
864;3812;864
865;3815;865
866;3815;866
867;3817;867
868;3817;868
869;3818;869
870;3818;870
871;3819;871
872;3820;872
873;3821;873
874;3821;874
875;3822;875
876;3823;876
877;3824;877
878;3825;878
879;3825;879
880;3826;880
881;3828;881
882;3828;882
883;3829;883
884;3830;884
885;3831;885
886;3833;886
887;3833;887
888;3833;888
889;3834;889
890;3834;890
891;3834;891
892;3836;892
893;3837;893
894;3838;894
895;3839;895
896;3841;896
897;3843;897
898;3843;898
899;3844;899
900;3847;900
901;3848;901
902;3849;902
903;3849;903
904;3854;904
905;3855;905
906;3856;906
907;3857;907
908;3858;908
909;3858;909
910;3859;910
911;3859;911
912;3860;912
913;3861;913
914;3863;914
915;3864;915
916;3865;916
917;3866;917
918;3866;918
919;3867;919
920;3868;920
921;3869;921
922;3869;922
923;3870;923
924;3870;924
925;3870;925
926;3873;926
927;3873;927
928;3874;928
929;3876;929
930;3877;930
931;3877;931
932;3878;932
933;3880;933
934;3881;934
935;3881;935
936;3883;936
937;3884;937
938;3885;938
939;3889;939
940;3889;940
941;3889;941
942;3891;942
943;3893;943
944;3894;944
945;3895;945
946;3897;946
947;3897;947
948;3898;948
949;3899;949
950;3900;950
951;3900;951
952;3901;952
953;3901;953
954;3903;954
955;3904;955
956;3906;956
957;3907;957
958;3909;958
959;3910;959
960;3911;960
961;3912;961
962;3912;962
963;3913;963
964;3913;964
965;3914;965
966;3914;966
967;3915;967
968;3916;968
969;3917;969
970;3918;970
971;3919;971
972;3920;972
973;3920;973
974;3921;974
975;3921;975
976;3921;976
977;3921;977
978;3922;978
979;3923;979
980;3924;980
981;3924;981
982;3924;982
983;3925;983
984;3927;984
985;3927;985
986;3928;986
987;3929;987
988;3930;988
989;3930;989
990;3931;990
991;3931;991
992;3932;992
993;3932;993
994;3932;994
995;3933;995
996;3935;996
997;3936;997
998;3936;998
999;3937;999
1000;3938;1000
1001;3939;1001
1002;3940;1002
1003;3940;1003
1004;3941;1004
1005;3941;1005
1006;3943;1006
1007;3944;1007
1008;3945;1008
1009;3946;1009
1010;3949;1010
1011;3950;1011
1012;3951;1012
1013;3952;1013
1014;3953;1014
1015;3954;1015
1016;3955;1016
1017;3956;1017
1018;3957;1018
1019;3958;1019
1020;3958;1020
1021;3959;1021
1022;3960;1022
1023;3961;1023
1024;3962;1024
1025;3963;1025
1026;3963;1026
1027;3964;1027
1028;3965;1028
1029;3966;1029
1030;3967;1030
1031;3970;1031
1032;3971;1032
1033;3972;1033
1034;3973;1034
1035;3973;1035
1036;3973;1036
1037;3976;1037
1038;3979;1038
1039;3979;1039
1040;3980;1040
1041;3981;1041
1042;3986;1042
1043;3988;1043
1044;3989;1044
1045;3991;1045
1046;3993;1046
1047;3994;1047
1048;3994;1048
1049;3997;1049
1050;3999;1050
1051;4000;1051
1052;4001;1052
1053;4002;1053
1054;4002;1054
1055;4003;1055
1056;4004;1056
1057;4004;1057
1058;4005;1058
1059;4007;1059
1060;4007;1060
1061;4009;1061
1062;4011;1062
1063;4013;1063
1064;4013;1064
1065;4014;1065
1066;4014;1066
1067;4015;1067
1068;4016;1068
1069;4017;1069
1070;4018;1070
1071;4018;1071
1072;4018;1072
1073;4020;1073
1074;4020;1074
1075;4021;1075
1076;4022;1076
1077;4022;1077
1078;4022;1078
1079;4023;1079
1080;4023;1080
1081;4024;1081
1082;4024;1082
1083;4028;1083
1084;4031;1084
1085;4034;1085
1086;4034;1086
1087;4035;1087
1088;4035;1088
1089;4035;1089
1090;4037;1090
1091;4037;1091
1092;4038;1092
1093;4039;1093
1094;4039;1094
1095;4039;1095
1096;4040;1096
1097;4041;1097
1098;4042;1098
1099;4043;1099
1100;4044;1100
1101;4044;1101
1102;4045;1102
1103;4045;1103
1104;4045;1104
1105;4046;1105
1106;4048;1106
1107;4049;1107
1108;4049;1108
1109;4049;1109
1110;4050;1110
1111;4050;1111
1112;4050;1112
1113;4051;1113
1114;4052;1114
1115;4053;1115
1116;4054;1116
1117;4055;1117
1118;4055;1118
1119;4055;1119
1120;4057;1120
1121;4057;1121
1122;4059;1122
1123;4059;1123
1124;4059;1124
1125;4060;1125
1126;4060;1126
1127;4061;1127
1128;4061;1128
1129;4061;1129
1130;4062;1130
1131;4063;1131
1132;4066;1132
1133;4066;1133
1134;4067;1134
1135;4067;1135
1136;4067;1136
1137;4068;1137
1138;4070;1138
1139;4070;1139
1140;4071;1140
1141;4071;1141
1142;4071;1142
1143;4073;1143
1144;4074;1144
1145;4076;1145
1146;4077;1146
1147;4081;1147
1148;4082;1148
1149;4083;1149
1150;4083;1150
1151;4084;1151
1152;4085;1152
1153;4087;1153
1154;4088;1154
1155;4088;1155
1156;4090;1156
1157;4092;1157
1158;4093;1158
1159;4093;1159
1160;4096;1160
1161;4096;1161
1162;4096;1162
1163;4098;1163
1164;4101;1164
1165;4102;1165
1166;4107;1166
1167;4107;1167
1168;4108;1168
1169;4108;1169
1170;4108;1170
1171;4108;1171
1172;4109;1172
1173;4109;1173
1174;4110;1174
1175;4110;1175
1176;4111;1176
1177;4111;1177
1178;4112;1178
1179;4112;1179
1180;4113;1180
1181;4114;1181
1182;4114;1182
1183;4115;1183
1184;4116;1184
1185;4116;1185
1186;4117;1186
1187;4118;1187
1188;4118;1188
1189;4118;1189
1190;4119;1190
1191;4119;1191
1192;4120;1192
1193;4121;1193
1194;4123;1194
1195;4125;1195
1196;4127;1196
1197;4128;1197
1198;4130;1198
1199;4131;1199
1200;4135;1200
1201;4136;1201
1202;4136;1202
1203;4137;1203
1204;4139;1204
1205;4139;1205
1206;4140;1206
1207;4140;1207
1208;4141;1208
1209;4141;1209
1210;4142;1210
1211;4142;1211
1212;4145;1212
1213;4146;1213
1214;4148;1214
1215;4149;1215
1216;4150;1216
1217;4150;1217
1218;4151;1218
1219;4152;1219
1220;4153;1220
1221;4153;1221
1222;4154;1222
1223;4155;1223
1224;4156;1224
1225;4157;1225
1226;4158;1226
1227;4159;1227
1228;4160;1228
1229;4160;1229
1230;4160;1230
1231;4161;1231
1232;4162;1232
1233;4162;1233
1234;4163;1234
1235;4164;1235
1236;4165;1236
1237;4166;1237
1238;4166;1238
1239;4169;1239
1240;4169;1240
1241;4170;1241
1242;4171;1242
1243;4173;1243
1244;4174;1244
1245;4176;1245
1246;4177;1246
1247;4177;1247
1248;4177;1248
1249;4178;1249
1250;4179;1250
1251;4180;1251
1252;4181;1252
1253;4182;1253
1254;4184;1254
1255;4187;1255
1256;4188;1256
1257;4190;1257
1258;4191;1258
1259;4191;1259
1260;4191;1260
1261;4192;1261
1262;4193;1262
1263;4195;1263
1264;4200;1264
1265;4201;1265
1266;4201;1266
1267;4202;1267
1268;4202;1268
1269;4203;1269
1270;4204;1270
1271;4204;1271
1272;4205;1272
1273;4205;1273
1274;4206;1274
1275;4207;1275
1276;4207;1276
1277;4208;1277
1278;4209;1278
1279;4210;1279
1280;4213;1280
1281;4213;1281
1282;4214;1282
1283;4215;1283
1284;4216;1284
1285;4217;1285
1286;4218;1286
1287;4219;1287
1288;4220;1288
1289;4221;1289
1290;4222;1290
1291;4223;1291
1292;4225;1292
1293;4225;1293
1294;4226;1294
1295;4228;1295
1296;4229;1296
1297;4229;1297
1298;4230;1298
1299;4231;1299
1300;4233;1300
1301;4233;1301
1302;4235;1302
1303;4236;1303
1304;4239;1304
1305;4241;1305
1306;4242;1306
1307;4243;1307
1308;4245;1308
1309;4246;1309
1310;4246;1310
1311;4247;1311
1312;4248;1312
1313;4249;1313
1314;4250;1314
1315;4250;1315
1316;4253;1316
1317;4254;1317
1318;4256;1318
1319;4258;1319
1320;4259;1320
1321;4259;1321
1322;4260;1322
1323;4261;1323
1324;4261;1324
1325;4262;1325
1326;4263;1326
1327;4264;1327
1328;4265;1328
1329;4266;1329
1330;4267;1330
1331;4269;1331
1332;4271;1332
1333;4273;1333
1334;4273;1334
1335;4276;1335
1336;4277;1336
1337;4277;1337
1338;4278;1338
1339;4280;1339
1340;4282;1340
1341;4282;1341
1342;4282;1342
1343;4283;1343
1344;4284;1344
1345;4286;1345
1346;4286;1346
1347;4287;1347
1348;4291;1348
1349;4292;1349
1350;4293;1350
1351;4294;1351
1352;4296;1352
1353;4297;1353
1354;4298;1354
1355;4299;1355
1356;4299;1356
1357;4299;1357
1358;4300;1358
1359;4300;1359
1360;4301;1360
1361;4301;1361
1362;4301;1362
1363;4302;1363
1364;4302;1364
1365;4303;1365
1366;4304;1366
1367;4305;1367
1368;4306;1368
1369;4307;1369
1370;4308;1370
1371;4308;1371
1372;4311;1372
1373;4311;1373
1374;4311;1374
1375;4312;1375
1376;4315;1376
1377;4318;1377
1378;4320;1378
1379;4320;1379
1380;4321;1380
1381;4326;1381
1382;4327;1382
1383;4329;1383
1384;4330;1384
1385;4331;1385
1386;4332;1386
1387;4333;1387
1388;4334;1388
1389;4335;1389
1390;4335;1390
1391;4336;1391
1392;4338;1392
1393;4339;1393
1394;4340;1394
1395;4341;1395
1396;4342;1396
1397;4342;1397
1398;4344;1398
1399;4346;1399
1400;4346;1400
1401;4347;1401
1402;4347;1402
1403;4348;1403
1404;4349;1404
1405;4352;1405
1406;4353;1406
1407;4354;1407
1408;4354;1408
1409;4356;1409
1410;4356;1410
1411;4357;1411
1412;4358;1412
1413;4359;1413
1414;4360;1414
1415;4361;1415
1416;4362;1416
1417;4363;1417
1418;4366;1418
1419;4368;1419
1420;4368;1420
1421;4369;1421
1422;4369;1422
1423;4369;1423
1424;4370;1424
1425;4371;1425
1426;4371;1426
1427;4372;1427
1428;4373;1428
1429;4374;1429
1430;4375;1430
1431;4378;1431
1432;4379;1432
1433;4380;1433
1434;4381;1434
1435;4383;1435
1436;4383;1436
1437;4384;1437
1438;4385;1438
1439;4385;1439
1440;4386;1440
1441;4387;1441
1442;4388;1442
1443;4389;1443
1444;4390;1444
1445;4391;1445
1446;4392;1446
1447;4392;1447
1448;4392;1448
1449;4393;1449
1450;4394;1450
1451;4394;1451
1452;4394;1452
1453;4395;1453
1454;4396;1454
1455;4396;1455
1456;4397;1456
1457;4397;1457
1458;4397;1458
1459;4398;1459
1460;4400;1460
1461;4400;1461
1462;4401;1462
1463;4401;1463
1464;4402;1464
1465;4404;1465
1466;4404;1466
1467;4404;1467
1468;4405;1468
1469;4406;1469
1470;4407;1470
1471;4408;1471
1472;4411;1472
1473;4412;1473
1474;4413;1474
1475;4415;1475
1476;4419;1476
1477;4419;1477
1478;4421;1478
1479;4424;1479
1480;4429;1480
1481;4429;1481
1482;4431;1482
1483;4432;1483
1484;4433;1484
1485;4434;1485
1486;4436;1486
1487;4437;1487
1488;4438;1488
1489;4439;1489
1490;4441;1490
1491;4443;1491
1492;4443;1492
1493;4445;1493
1494;4446;1494
1495;4447;1495
1496;4448;1496
1497;4450;1497
1498;4451;1498
1499;4451;1499
1500;4451;1500
1501;4452;1501
1502;4453;1502
1503;4453;1503
1504;4454;1504
1505;4455;1505
1506;4456;1506
1507;4456;1507
1508;4456;1508
1509;4458;1509
1510;4458;1510
1511;4459;1511
1512;4459;1512
1513;4460;1513
1514;4460;1514
1515;4462;1515
1516;4462;1516
1517;4462;1517
1518;4462;1518
1519;4464;1519
1520;4466;1520
1521;4467;1521
1522;4468;1522
1523;4471;1523
1524;4472;1524
1525;4473;1525
1526;4475;1526
1527;4476;1527
1528;4477;1528
1529;4479;1529
1530;4480;1530
1531;4480;1531
1532;4481;1532
1533;4482;1533
1534;4483;1534
1535;4484;1535
1536;4485;1536
1537;4487;1537
1538;4487;1538
1539;4488;1539
1540;4489;1540
1541;4490;1541
1542;4491;1542
1543;4493;1543
1544;4494;1544
1545;4496;1545
1546;4498;1546
1547;4499;1547
1548;4499;1548
1549;4501;1549
1550;4502;1550
1551;4504;1551
1552;4507;1552
1553;4508;1553
1554;4509;1554
1555;4509;1555
1556;4510;1556
1557;4511;1557
1558;4511;1558
1559;4512;1559
1560;4513;1560
1561;4514;1561
1562;4515;1562
1563;4516;1563
1564;4516;1564
1565;4517;1565
1566;4518;1566
1567;4519;1567
1568;4519;1568
1569;4520;1569
1570;4521;1570
1571;4522;1571
1572;4523;1572
1573;4524;1573
1574;4525;1574
1575;4526;1575
1576;4527;1576
1577;4528;1577
1578;4531;1578
1579;4532;1579
1580;4534;1580
1581;4534;1581
1582;4535;1582
1583;4536;1583
1584;4538;1584
1585;4538;1585
1586;4540;1586
1587;4541;1587
1588;4542;1588
1589;4543;1589
1590;4545;1590
1591;4545;1591
1592;4547;1592
1593;4548;1593
1594;4552;1594
1595;4553;1595
1596;4554;1596
1597;4555;1597
1598;4556;1598
1599;4557;1599
1600;4559;1600
1601;4559;1601
1602;4559;1602
1603;4563;1603
1604;4565;1604
1605;4566;1605
1606;4567;1606
1607;4567;1607
1608;4569;1608
1609;4570;1609
1610;4571;1610
1611;4572;1611
1612;4574;1612
1613;4575;1613
1614;4576;1614
1615;4578;1615
1616;4578;1616
1617;4578;1617
1618;4579;1618
1619;4579;1619
1620;4580;1620
1621;4580;1621
1622;4581;1622
1623;4581;1623
1624;4583;1624
1625;4584;1625
1626;4585;1626
1627;4586;1627
1628;4587;1628
1629;4587;1629
1630;4588;1630
1631;4589;1631
1632;4589;1632
1633;4590;1633
1634;4591;1634
1635;4592;1635
1636;4593;1636
1637;4593;1637
1638;4594;1638
1639;4595;1639
1640;4596;1640
1641;4597;1641
1642;4598;1642
1643;4598;1643
1644;4599;1644
1645;4599;1645
1646;4600;1646
1647;4600;1647
1648;4601;1648
1649;4601;1649
1650;4602;1650
1651;4603;1651
1652;4605;1652
1653;4605;1653
1654;4606;1654
1655;4608;1655
1656;4610;1656
1657;4611;1657
1658;4614;1658
1659;4614;1659
1660;4619;1660
1661;4620;1661
1662;4621;1662
1663;4621;1663
1664;4622;1664
1665;4628;1665
1666;4628;1666
1667;4629;1667
1668;4629;1668
1669;4629;1669
1670;4630;1670
1671;4631;1671
1672;4631;1672
1673;4634;1673
1674;4635;1674
1675;4636;1675
1676;4639;1676
1677;4639;1677
1678;4640;1678
1679;4641;1679
1680;4641;1680
1681;4643;1681
1682;4644;1682
1683;4647;1683
1684;4648;1684
1685;4649;1685
1686;4651;1686
1687;4652;1687
1688;4652;1688
1689;4653;1689
1690;4654;1690
1691;4655;1691
1692;4657;1692
1693;4657;1693
1694;4658;1694
1695;4661;1695
1696;4661;1696
1697;4664;1697
1698;4665;1698
1699;4666;1699
1700;4667;1700
1701;4669;1701
1702;4671;1702
1703;4672;1703
1704;4673;1704
1705;4676;1705
1706;4676;1706
1707;4677;1707
1708;4677;1708
1709;4678;1709
1710;4678;1710
1711;4679;1711
1712;4680;1712
1713;4682;1713
1714;4682;1714
1715;4683;1715
1716;4683;1716
1717;4685;1717
1718;4685;1718
1719;4686;1719
1720;4687;1720
1721;4688;1721
1722;4688;1722
1723;4688;1723
1724;4690;1724
1725;4690;1725
1726;4691;1726
1727;4692;1727
1728;4693;1728
1729;4694;1729
1730;4694;1730
1731;4695;1731
1732;4696;1732
1733;4698;1733
1734;4699;1734
1735;4701;1735
1736;4702;1736
1737;4703;1737
1738;4703;1738
1739;4704;1739
1740;4705;1740
1741;4706;1741
1742;4706;1742
1743;4707;1743
1744;4707;1744
1745;4709;1745
1746;4710;1746
1747;4713;1747
1748;4715;1748
1749;4716;1749
1750;4716;1750
1751;4717;1751
1752;4718;1752
1753;4719;1753
1754;4719;1754
1755;4720;1755
1756;4721;1756
1757;4722;1757
1758;4722;1758
1759;4723;1759
1760;4724;1760
1761;4725;1761
1762;4725;1762
1763;4726;1763
1764;4728;1764
1765;4729;1765
1766;4730;1766
1767;4730;1767
1768;4732;1768
1769;4733;1769
1770;4734;1770
1771;4735;1771
1772;4736;1772
1773;4736;1773
1774;4737;1774
1775;4737;1775
1776;4740;1776
1777;4741;1777
1778;4743;1778
1779;4744;1779
1780;4745;1780
1781;4745;1781
1782;4745;1782
1783;4746;1783
1784;4748;1784
1785;4748;1785
1786;4749;1786
1787;4750;1787
1788;4751;1788
1789;4751;1789
1790;4752;1790
1791;4752;1791
1792;4754;1792
1793;4755;1793
1794;4760;1794
1795;4761;1795
1796;4763;1796
1797;4764;1797
1798;4764;1798
1799;4766;1799
1800;4767;1800
1801;4768;1801
1802;4770;1802
1803;4773;1803
1804;4774;1804
1805;4775;1805
1806;4777;1806
1807;4778;1807
1808;4779;1808
1809;4780;1809
1810;4782;1810
1811;4782;1811
1812;4782;1812
1813;4783;1813
1814;4786;1814
1815;4787;1815
1816;4788;1816
1817;4789;1817
1818;4793;1818
1819;4794;1819
1820;4795;1820
1821;4798;1821
1822;4798;1822
1823;4799;1823
1824;4799;1824
1825;4800;1825
1826;4801;1826
1827;4802;1827
1828;4802;1828
1829;4803;1829
1830;4804;1830
1831;4806;1831
1832;4809;1832
1833;4812;1833
1834;4814;1834
1835;4814;1835
1836;4815;1836
1837;4816;1837
1838;4817;1838
1839;4819;1839
1840;4821;1840
1841;4821;1841
1842;4822;1842
1843;4824;1843
1844;4825;1844
1845;4828;1845
1846;4829;1846
1847;4829;1847
1848;4829;1848
1849;4830;1849
1850;4832;1850
1851;4833;1851
1852;4833;1852
1853;4834;1853
1854;4834;1854
1855;4835;1855
1856;4835;1856
1857;4836;1857
1858;4837;1858
1859;4839;1859
1860;4840;1860
1861;4842;1861
1862;4843;1862
1863;4843;1863
1864;4844;1864
1865;4845;1865
1866;4848;1866
1867;4848;1867
1868;4849;1868
1869;4850;1869
1870;4850;1870
1871;4851;1871
1872;4852;1872
1873;4854;1873
1874;4855;1874
1875;4855;1875
1876;4858;1876
1877;4859;1877
1878;4859;1878
1879;4860;1879
1880;4860;1880
1881;4860;1881
1882;4860;1882
1883;4861;1883
1884;4861;1884
1885;4861;1885
1886;4862;1886
1887;4863;1887
1888;4864;1888
1889;4866;1889
1890;4867;1890
1891;4868;1891
1892;4870;1892
1893;4870;1893
1894;4871;1894
1895;4871;1895
1896;4871;1896
1897;4872;1897
1898;4874;1898
1899;4875;1899
1900;4875;1900
1901;4876;1901
1902;4877;1902
1903;4880;1903
1904;4880;1904
1905;4881;1905
1906;4882;1906
1907;4882;1907
1908;4884;1908
1909;4885;1909
1910;4885;1910
1911;4886;1911
1912;4887;1912
1913;4888;1913
1914;4888;1914
1915;4889;1915
1916;4889;1916
1917;4891;1917
1918;4892;1918
1919;4893;1919
1920;4894;1920
1921;4894;1921
1922;4895;1922
1923;4895;1923
1924;4896;1924
1925;4897;1925
1926;4898;1926
1927;4898;1927
1928;4899;1928
1929;4900;1929
1930;4901;1930
1931;4902;1931
1932;4903;1932
1933;4905;1933
1934;4905;1934
1935;4906;1935
1936;4907;1936
1937;4908;1937
1938;4908;1938
1939;4909;1939
1940;4909;1940
1941;4911;1941
1942;4912;1942
1943;4914;1943
1944;4916;1944
1945;4919;1945
1946;4920;1946
1947;4920;1947
1948;4921;1948
1949;4921;1949
1950;4922;1950
1951;4923;1951
1952;4924;1952
1953;4927;1953
1954;4928;1954
1955;4929;1955
1956;4930;1956
1957;4931;1957
1958;4933;1958
1959;4934;1959
1960;4936;1960
1961;4936;1961
1962;4939;1962
1963;4940;1963
1964;4941;1964
1965;4943;1965
1966;4943;1966
1967;4943;1967
1968;4944;1968
1969;4944;1969
1970;4945;1970
1971;4946;1971
1972;4948;1972
1973;4949;1973
1974;4949;1974
1975;4950;1975
1976;4950;1976
1977;4951;1977
1978;4951;1978
1979;4952;1979
1980;4954;1980
1981;4955;1981
1982;4956;1982
1983;4957;1983
1984;4958;1984
1985;4959;1985
1986;4960;1986
1987;4960;1987
1988;4961;1988
1989;4962;1989
1990;4964;1990
1991;4964;1991
1992;4964;1992
1993;4965;1993
1994;4967;1994
1995;4968;1995
1996;4969;1996
1997;4974;1997
1998;4974;1998
1999;4977;1999
2000;4977;2000
2001;4978;2001
2002;4979;2002
2003;4979;2003
2004;4979;2004
2005;4980;2005
2006;4981;2006
2007;4982;2007
2008;4983;2008
2009;4984;2009
2010;4984;2010
2011;4985;2011
2012;4987;2012
2013;4988;2013
2014;4989;2014
2015;4989;2015
2016;4990;2016
2017;4990;2017
2018;4990;2018
2019;4991;2019
2020;4992;2020
2021;4992;2021
2022;4993;2022
2023;4993;2023
2024;4994;2024
2025;4997;2025
2026;4997;2026
2027;4999;2027
2028;4999;2028
2029;5000;2029
2030;5002;2030
2031;5003;2031
2032;5003;2032
2033;5003;2033
2034;5004;2034
2035;5004;2035
2036;5005;2036
2037;5006;2037
2038;5006;2038
2039;5007;2039
2040;5007;2040
2041;5008;2041
2042;5009;2042
2043;5010;2043
2044;5010;2044
2045;5011;2045
2046;5012;2046
2047;5013;2047
2048;5013;2048
2049;5014;2049
2050;5016;2050
2051;5017;2051
2052;5018;2052
2053;5018;2053
2054;5018;2054
2055;5019;2055
2056;5019;2056
2057;5019;2057
2058;5020;2058
2059;5020;2059
2060;5020;2060
2061;5023;2061
2062;5024;2062
2063;5025;2063
2064;5026;2064
2065;5026;2065
2066;5027;2066
2067;5027;2067
2068;5027;2068
2069;5028;2069
2070;5029;2070
2071;5029;2071
2072;5030;2072
2073;5032;2073
2074;5033;2074
2075;5035;2075
2076;5036;2076
2077;5037;2077
2078;5038;2078
2079;5040;2079
2080;5041;2080
2081;5042;2081
2082;5042;2082
2083;5042;2083
2084;5043;2084
2085;5043;2085
2086;5043;2086
2087;5044;2087
2088;5045;2088
2089;5048;2089
2090;5048;2090
2091;5048;2091
2092;5049;2092
2093;5050;2093
2094;5050;2094
2095;5051;2095
2096;5052;2096
2097;5053;2097
2098;5055;2098
2099;5055;2099
2100;5055;2100
2101;5056;2101
2102;5057;2102
2103;5058;2103
2104;5059;2104
2105;5061;2105
2106;5062;2106
2107;5063;2107
2108;5064;2108
2109;5065;2109
2110;5065;2110
2111;5066;2111
2112;5069;2112
2113;5069;2113
2114;5071;2114
2115;5072;2115
2116;5073;2116
2117;5074;2117
2118;5076;2118
2119;5077;2119
2120;5079;2120
2121;5080;2121
2122;5081;2122
2123;5081;2123
2124;5082;2124
2125;5083;2125
2126;5083;2126
2127;5084;2127
2128;5084;2128
2129;5085;2129
2130;5086;2130
2131;5086;2131
2132;5087;2132
2133;5087;2133
2134;5087;2134
2135;5087;2135
2136;5088;2136
2137;5090;2137
2138;5091;2138
2139;5091;2139
2140;5091;2140
2141;5093;2141
2142;5095;2142
2143;5096;2143
2144;5097;2144
2145;5098;2145
2146;5099;2146
2147;5101;2147
2148;5101;2148
2149;5102;2149
2150;5104;2150
2151;5104;2151
2152;5105;2152
2153;5107;2153
2154;5108;2154
2155;5109;2155
2156;5110;2156
2157;5110;2157
2158;5111;2158
2159;5113;2159
2160;5115;2160
2161;5115;2161
2162;5116;2162
2163;5117;2163
2164;5117;2164
2165;5117;2165
2166;5119;2166
2167;5119;2167
2168;5120;2168
2169;5121;2169
2170;5122;2170
2171;5122;2171
2172;5123;2172
2173;5125;2173
2174;5126;2174
2175;5127;2175
2176;5128;2176
2177;5128;2177
2178;5129;2178
2179;5129;2179
2180;5131;2180
2181;5131;2181
2182;5132;2182
2183;5135;2183
2184;5135;2184
2185;5135;2185
2186;5136;2186
2187;5136;2187
2188;5137;2188
2189;5137;2189
2190;5138;2190
2191;5138;2191
2192;5139;2192
2193;5140;2193
2194;5140;2194
2195;5142;2195
2196;5142;2196
2197;5142;2197
2198;5144;2198
2199;5144;2199
2200;5145;2200
2201;5145;2201
2202;5146;2202
2203;5146;2203
2204;5146;2204
2205;5148;2205
2206;5149;2206
2207;5149;2207
2208;5149;2208
2209;5150;2209
2210;5150;2210
2211;5151;2211
2212;5152;2212
2213;5153;2213
2214;5155;2214
2215;5155;2215
2216;5159;2216
2217;5161;2217
2218;5164;2218
2219;5165;2219
2220;5166;2220
2221;5167;2221
2222;5167;2222
2223;5167;2223
2224;5168;2224
2225;5169;2225
2226;5169;2226
2227;5170;2227
2228;5170;2228
2229;5170;2229
2230;5171;2230
2231;5171;2231
2232;5171;2232
2233;5172;2233
2234;5172;2234
2235;5173;2235
2236;5174;2236
2237;5174;2237
2238;5175;2238
2239;5176;2239
2240;5177;2240
2241;5178;2241
2242;5179;2242
2243;5180;2243
2244;5180;2244
2245;5181;2245
2246;5182;2246
2247;5182;2247
2248;5183;2248
2249;5184;2249
2250;5184;2250
2251;5185;2251
2252;5186;2252
2253;5186;2253
2254;5186;2254
2255;5187;2255
2256;5188;2256
2257;5189;2257
2258;5190;2258
2259;5191;2259
2260;5192;2260
2261;5193;2261
2262;5194;2262
2263;5195;2263
2264;5196;2264
2265;5197;2265
2266;5198;2266
2267;5199;2267
2268;5201;2268
2269;5202;2269
2270;5203;2270
2271;5204;2271
2272;5205;2272
2273;5206;2273
2274;5206;2274
2275;5207;2275
2276;5207;2276
2277;5208;2277
2278;5208;2278
2279;5209;2279
2280;5209;2280
2281;5210;2281
2282;5211;2282
2283;5212;2283
2284;5213;2284
2285;5214;2285
2286;5215;2286
2287;5217;2287
2288;5218;2288
2289;5219;2289
2290;5220;2290
2291;5221;2291
2292;5222;2292
2293;5223;2293
2294;5224;2294
2295;5225;2295
2296;5225;2296
2297;5226;2297
2298;5227;2298
2299;5227;2299
2300;5228;2300
2301;5228;2301
2302;5229;2302
2303;5230;2303
2304;5231;2304
2305;5232;2305
2306;5232;2306
2307;5233;2307
2308;5233;2308
2309;5234;2309
2310;5234;2310
2311;5234;2311
2312;5235;2312
2313;5235;2313
2314;5235;2314
2315;5236;2315
2316;5237;2316
2317;5237;2317
2318;5239;2318
2319;5240;2319
2320;5240;2320
2321;5242;2321
2322;5243;2322
2323;5243;2323
2324;5244;2324
2325;5244;2325
2326;5245;2326
2327;5246;2327
2328;5247;2328
2329;5247;2329
2330;5248;2330
2331;5249;2331
2332;5250;2332
2333;5251;2333
2334;5252;2334
2335;5254;2335
2336;5254;2336
2337;5255;2337
2338;5256;2338
2339;5257;2339
2340;5258;2340
2341;5258;2341
2342;5259;2342
2343;5259;2343
2344;5260;2344
2345;5260;2345
2346;5260;2346
2347;5261;2347
2348;5262;2348
2349;5263;2349
2350;5264;2350
2351;5264;2351
2352;5265;2352
2353;5265;2353
2354;5266;2354
2355;5266;2355
2356;5266;2356
2357;5267;2357
2358;5267;2358
2359;5268;2359
2360;5268;2360
2361;5269;2361
2362;5269;2362
2363;5270;2363
2364;5271;2364
2365;5272;2365
2366;5272;2366
2367;5273;2367
2368;5274;2368
2369;5274;2369
2370;5275;2370
2371;5275;2371
2372;5276;2372
2373;5277;2373
2374;5277;2374
2375;5278;2375
2376;5279;2376
2377;5280;2377
2378;5281;2378
2379;5282;2379
2380;5283;2380
2381;5283;2381
2382;5284;2382
2383;5284;2383
2384;5285;2384
2385;5285;2385
2386;5286;2386
2387;5287;2387
2388;5288;2388
2389;5288;2389
2390;5289;2390
2391;5290;2391
2392;5291;2392
2393;5292;2393
2394;5292;2394
2395;5293;2395
2396;5293;2396
2397;5294;2397
2398;5294;2398
2399;5295;2399
2400;5296;2400
2401;5297;2401
2402;5298;2402
2403;5299;2403
2404;5300;2404
2405;5301;2405
2406;5301;2406
2407;5302;2407
2408;5302;2408
2409;5303;2409
2410;5304;2410
2411;5305;2411
2412;5306;2412
2413;5306;2413
2414;5306;2414
2415;5307;2415
2416;5308;2416
2417;5309;2417
2418;5312;2418
2419;5313;2419
2420;5314;2420
2421;5314;2421
2422;5314;2422
2423;5315;2423
2424;5317;2424
2425;5319;2425
2426;5320;2426
2427;5320;2427
2428;5321;2428
2429;5321;2429
2430;5322;2430
2431;5323;2431
2432;5324;2432
2433;5324;2433
2434;5324;2434
2435;5325;2435
2436;5326;2436
2437;5327;2437
2438;5327;2438
2439;5328;2439
2440;5329;2440
2441;5330;2441
2442;5331;2442
2443;5332;2443
2444;5332;2444
2445;5332;2445
2446;5333;2446
2447;5334;2447
2448;5334;2448
2449;5335;2449
2450;5336;2450
2451;5339;2451
2452;5341;2452
2453;5341;2453
2454;5342;2454
2455;5342;2455
2456;5342;2456
2457;5343;2457
2458;5344;2458
2459;5344;2459
2460;5344;2460
2461;5345;2461
2462;5346;2462
2463;5347;2463
2464;5347;2464
2465;5347;2465
2466;5348;2466
2467;5348;2467
2468;5349;2468
2469;5350;2469
2470;5351;2470
2471;5352;2471
2472;5353;2472
2473;5354;2473
2474;5356;2474
2475;5356;2475
2476;5357;2476
2477;5358;2477
2478;5359;2478
2479;5360;2479
2480;5360;2480
2481;5360;2481
2482;5361;2482
2483;5361;2483
2484;5362;2484
2485;5363;2485
2486;5364;2486
2487;5365;2487
2488;5366;2488
2489;5367;2489
2490;5368;2490
2491;5369;2491
2492;5370;2492
2493;5371;2493
2494;5371;2494
2495;5372;2495
2496;5373;2496
2497;5373;2497
2498;5374;2498
2499;5374;2499
2500;5375;2500
2501;5375;2501
2502;5376;2502
2503;5377;2503
2504;5377;2504
2505;5378;2505
2506;5379;2506
2507;5380;2507
2508;5380;2508
2509;5381;2509
2510;5384;2510
2511;5385;2511
2512;5386;2512
2513;5387;2513
2514;5387;2514
2515;5388;2515
2516;5389;2516
2517;5389;2517
2518;5390;2518
2519;5390;2519
2520;5391;2520
2521;5391;2521
2522;5392;2522
2523;5393;2523
2524;5393;2524
2525;5394;2525
2526;5394;2526
2527;5397;2527
2528;5397;2528
2529;5398;2529
2530;5398;2530
2531;5399;2531
2532;5399;2532
2533;5400;2533
2534;5400;2534
2535;5401;2535
2536;5402;2536
2537;5403;2537
2538;5403;2538
2539;5403;2539
2540;5404;2540
2541;5405;2541
2542;5405;2542
2543;5405;2543
2544;5406;2544
2545;5407;2545
2546;5407;2546
2547;5408;2547
2548;5408;2548
2549;5408;2549
2550;5409;2550
2551;5409;2551
2552;5410;2552
2553;5410;2553
2554;5411;2554
2555;5411;2555
2556;5412;2556
2557;5413;2557
2558;5413;2558
2559;5413;2559
2560;5414;2560
2561;5415;2561
2562;5415;2562
2563;5416;2563
2564;5416;2564
2565;5417;2565
2566;5417;2566
2567;5417;2567
2568;5418;2568
2569;5418;2569
2570;5418;2570
2571;5419;2571
2572;5419;2572
2573;5420;2573
2574;5420;2574
2575;5420;2575
2576;5421;2576
2577;5421;2577
2578;5422;2578
2579;5422;2579
2580;5423;2580
2581;5425;2581
2582;5425;2582
2583;5426;2583
2584;5427;2584
2585;5427;2585
2586;5428;2586
2587;5428;2587
2588;5428;2588
2589;5431;2589
2590;5431;2590
2591;5432;2591
2592;5433;2592
2593;5433;2593
2594;5434;2594
2595;5435;2595
2596;5436;2596
2597;5436;2597
2598;5437;2598
2599;5437;2599
2600;5438;2600
2601;5439;2601
2602;5439;2602
2603;5440;2603
2604;5440;2604
2605;5441;2605
2606;5442;2606
2607;5443;2607
2608;5444;2608
2609;5445;2609
2610;5446;2610
2611;5446;2611
2612;5447;2612
2613;5448;2613
2614;5449;2614
2615;5449;2615
2616;5450;2616
2617;5451;2617
2618;5451;2618
2619;5452;2619
2620;5452;2620
2621;5453;2621
2622;5453;2622
2623;5454;2623
2624;5454;2624
2625;5454;2625
2626;5456;2626
2627;5457;2627
2628;5458;2628
2629;5459;2629
2630;5459;2630
2631;5460;2631
2632;5461;2632
2633;5461;2633
2634;5462;2634
2635;5463;2635
2636;5464;2636
2637;5465;2637
2638;5466;2638
2639;5467;2639
2640;5467;2640
2641;5468;2641
2642;5468;2642
2643;5469;2643
2644;5470;2644
2645;5470;2645
2646;5471;2646
2647;5472;2647
2648;5472;2648
2649;5472;2649
2650;5473;2650
2651;5473;2651
2652;5476;2652
2653;5477;2653
2654;5478;2654
2655;5478;2655
2656;5479;2656
2657;5480;2657
2658;5481;2658
2659;5482;2659
2660;5483;2660
2661;5484;2661
2662;5484;2662
2663;5485;2663
2664;5486;2664
2665;5487;2665
2666;5488;2666
2667;5489;2667
2668;5490;2668
2669;5491;2669
2670;5492;2670
2671;5493;2671
2672;5494;2672
2673;5494;2673
2674;5495;2674
2675;5496;2675
2676;5496;2676
2677;5496;2677
2678;5497;2678
2679;5498;2679
2680;5499;2680
2681;5500;2681
2682;5501;2682
2683;5502;2683
2684;5503;2684
2685;5504;2685
2686;5505;2686
2687;5505;2687
2688;5506;2688
2689;5507;2689
2690;5508;2690
2691;5509;2691
2692;5509;2692
2693;5510;2693
2694;5511;2694
2695;5512;2695
2696;5512;2696
2697;5513;2697
2698;5513;2698
2699;5514;2699
2700;5515;2700
2701;5516;2701
2702;5517;2702
2703;5518;2703
2704;5519;2704
2705;5520;2705
2706;5522;2706
2707;5523;2707
2708;5524;2708
2709;5525;2709
2710;5526;2710
2711;5526;2711
2712;5527;2712
2713;5527;2713
2714;5527;2714
2715;5529;2715
2716;5530;2716
2717;5531;2717
2718;5534;2718
2719;5534;2719
2720;5535;2720
2721;5535;2721
2722;5536;2722
2723;5537;2723
2724;5538;2724
2725;5539;2725
2726;5540;2726
2727;5541;2727
2728;5542;2728
2729;5542;2729
2730;5542;2730
2731;5543;2731
2732;5545;2732
2733;5546;2733
2734;5547;2734
2735;5548;2735
2736;5549;2736
2737;5549;2737
2738;5550;2738
2739;5551;2739
2740;5553;2740
2741;5554;2741
2742;5555;2742
2743;5555;2743
2744;5555;2744
2745;5556;2745
2746;5556;2746
2747;5557;2747
2748;5558;2748
2749;5561;2749
2750;5562;2750
2751;5563;2751
2752;5564;2752
2753;5564;2753
2754;5565;2754
2755;5566;2755
2756;5566;2756
2757;5567;2757
2758;5568;2758
2759;5569;2759
2760;5570;2760
2761;5571;2761
2762;5572;2762
2763;5573;2763
2764;5574;2764
2765;5574;2765
2766;5577;2766
2767;5579;2767
2768;5580;2768
2769;5581;2769
2770;5582;2770
2771;5582;2771
2772;5582;2772
2773;5584;2773
2774;5584;2774
2775;5585;2775
2776;5585;2776
2777;5587;2777
2778;5587;2778
2779;5588;2779
2780;5591;2780
2781;5591;2781
2782;5592;2782
2783;5592;2783
2784;5593;2784
2785;5593;2785
2786;5594;2786
2787;5594;2787
2788;5595;2788
2789;5595;2789
2790;5595;2790
2791;5596;2791
2792;5597;2792
2793;5598;2793
2794;5599;2794
2795;5601;2795
2796;5602;2796
2797;5603;2797
2798;5604;2798
2799;5606;2799
2800;5606;2800
2801;5607;2801
2802;5608;2802
2803;5608;2803
2804;5610;2804
2805;5611;2805
2806;5612;2806
2807;5613;2807
2808;5613;2808
2809;5615;2809
2810;5616;2810
2811;5617;2811
2812;5618;2812
2813;5619;2813
2814;5621;2814
2815;5621;2815
2816;5622;2816
2817;5623;2817
2818;5624;2818
2819;5625;2819
2820;5626;2820
2821;5627;2821
2822;5628;2822
2823;5629;2823
2824;5630;2824
2825;5631;2825
2826;5632;2826
2827;5635;2827
2828;5637;2828
2829;5638;2829
2830;5638;2830
2831;5639;2831
2832;5640;2832
2833;5640;2833
2834;5642;2834
2835;5643;2835
2836;5644;2836
2837;5645;2837
2838;5646;2838
2839;5647;2839
2840;5648;2840
2841;5648;2841
2842;5649;2842
2843;5650;2843
2844;5650;2844
2845;5651;2845
2846;5652;2846
2847;5653;2847
2848;5653;2848
2849;5654;2849
2850;5655;2850
2851;5656;2851
2852;5657;2852
2853;5659;2853
2854;5660;2854
2855;5661;2855
2856;5661;2856
2857;5661;2857
2858;5662;2858
2859;5663;2859
2860;5664;2860
2861;5665;2861
2862;5666;2862
2863;5667;2863
2864;5668;2864
2865;5670;2865
2866;5671;2866
2867;5672;2867
2868;5673;2868
2869;5674;2869
2870;5675;2870
2871;5676;2871
2872;5677;2872
2873;5677;2873
2874;5678;2874
2875;5678;2875
2876;5679;2876
2877;5680;2877
2878;5681;2878
2879;5682;2879
2880;5684;2880
2881;5685;2881
2882;5685;2882
2883;5686;2883
2884;5687;2884
2885;5688;2885
2886;5688;2886
2887;5689;2887
2888;5690;2888
2889;5691;2889
2890;5691;2890
2891;5692;2891
2892;5693;2892
2893;5694;2893
2894;5694;2894
2895;5695;2895
2896;5696;2896
2897;5697;2897
2898;5698;2898
2899;5699;2899
2900;5699;2900
2901;5700;2901
2902;5701;2902
2903;5702;2903
2904;5702;2904
2905;5703;2905
2906;5705;2906
2907;5706;2907
2908;5707;2908
2909;5708;2909
2910;5708;2910
2911;5709;2911
2912;5711;2912
2913;5712;2913
2914;5713;2914
2915;5713;2915
2916;5714;2916
2917;5715;2917
2918;5717;2918
2919;5718;2919
2920;5719;2920
2921;5720;2921
2922;5721;2922
2923;5722;2923
2924;5723;2924
2925;5724;2925
2926;5725;2926
2927;5726;2927
2928;5727;2928
2929;5728;2929
2930;5731;2930
2931;5732;2931
2932;5733;2932
2933;5735;2933
2934;5736;2934
2935;5737;2935
2936;5738;2936
2937;5739;2937
2938;5740;2938
2939;5741;2939
2940;5742;2940
2941;5745;2941
2942;5747;2942
2943;5748;2943
2944;5748;2944
2945;5749;2945
2946;5749;2946
2947;5750;2947
2948;5751;2948
2949;5752;2949
2950;5753;2950
2951;5753;2951
2952;5753;2952
2953;5754;2953
2954;5755;2954
2955;5756;2955
2956;5756;2956
2957;5757;2957
2958;5758;2958
2959;5759;2959
2960;5760;2960
2961;5763;2961
2962;5765;2962
2963;5766;2963
2964;5767;2964
2965;5768;2965
2966;5769;2966
2967;5770;2967
2968;5771;2968
2969;5771;2969
2970;5772;2970
2971;5773;2971
2972;5774;2972
2973;5775;2973
2974;5776;2974
2975;5777;2975
2976;5778;2976
2977;5779;2977
2978;5780;2978
2979;5781;2979
2980;5782;2980
2981;5782;2981
2982;5783;2982
2983;5784;2983
2984;5785;2984
2985;5785;2985
2986;5786;2986
2987;5787;2987
2988;5788;2988
2989;5789;2989
2990;5789;2990
2991;5790;2991
2992;5791;2992
2993;5792;2993
2994;5793;2994
2995;5794;2995
2996;5796;2996
2997;5797;2997
2998;5798;2998
2999;5799;2999
3000;5800;3000
3001;5802;3001
3002;5803;3002
3003;5804;3003
3004;5805;3004
3005;5806;3005
3006;5807;3006
3007;5811;3007
3008;5812;3008
3009;5812;3009
3010;5813;3010
3011;5814;3011
3012;5815;3012
3013;5816;3013
3014;5818;3014
3015;5819;3015
3016;5821;3016
3017;5822;3017
3018;5823;3018
3019;5824;3019
3020;5825;3020
3021;5826;3021
3022;5827;3022
3023;5827;3023
3024;5828;3024
3025;5828;3025
3026;5830;3026
3027;5830;3027
3028;5831;3028
3029;5831;3029
3030;5831;3030
3031;5832;3031
3032;5834;3032
3033;5835;3033
3034;5836;3034
3035;5836;3035
3036;5837;3036
3037;5838;3037
3038;5839;3038
3039;5839;3039
3040;5840;3040
3041;5841;3041
3042;5842;3042
3043;5843;3043
3044;5844;3044
3045;5845;3045
3046;5846;3046
3047;5847;3047
3048;5848;3048
3049;5849;3049
3050;5850;3050
3051;5851;3051
3052;5852;3052
3053;5854;3053
3054;5855;3054
3055;5857;3055
3056;5858;3056
3057;5861;3057
3058;5862;3058
3059;5863;3059
3060;5864;3060
3061;5865;3061
3062;5866;3062
3063;5866;3063
3064;5868;3064
3065;5868;3065
3066;5869;3066
3067;5870;3067
3068;5871;3068
3069;5872;3069
3070;5873;3070
3071;5873;3071
3072;5874;3072
3073;5875;3073
3074;5877;3074
3075;5878;3075
3076;5879;3076
3077;5880;3077
3078;5881;3078
3079;5882;3079
3080;5883;3080
3081;5884;3081
3082;5885;3082
3083;5886;3083
3084;5886;3084
3085;5887;3085
3086;5887;3086
3087;5888;3087
3088;5890;3088
3089;5891;3089
3090;5892;3090
3091;5893;3091
3092;5894;3092
3093;5895;3093
3094;5896;3094
3095;5897;3095
3096;5898;3096
3097;5898;3097
3098;5899;3098
3099;5900;3099
3100;5901;3100
3101;5902;3101
3102;5902;3102
3103;5903;3103
3104;5904;3104
3105;5904;3105
3106;5905;3106
3107;5905;3107
3108;5906;3108
3109;5906;3109
3110;5907;3110
3111;5910;3111
3112;5911;3112
3113;5912;3113
3114;5913;3114
3115;5914;3115
3116;5915;3116
3117;5915;3117
3118;5916;3118
3119;5916;3119
3120;5916;3120
3121;5917;3121
3122;5918;3122
3123;5918;3123
3124;5919;3124
3125;5920;3125
3126;5921;3126
3127;5922;3127
3128;5922;3128
3129;5923;3129
3130;5924;3130
3131;5925;3131
3132;5927;3132
3133;5928;3133
3134;5928;3134
3135;5928;3135
3136;5929;3136
3137;5929;3137
3138;5930;3138
3139;5931;3139
3140;5932;3140
3141;5933;3141
3142;5934;3142
3143;5935;3143
3144;5936;3144
3145;5937;3145
3146;5938;3146
3147;5939;3147
3148;5940;3148
3149;5941;3149
3150;5942;3150
3151;5943;3151
3152;5945;3152
3153;5947;3153
3154;5948;3154
3155;5949;3155
3156;5949;3156
3157;5950;3157
3158;5951;3158
3159;5952;3159
3160;5953;3160
3161;5954;3161
3162;5955;3162
3163;5956;3163
3164;5958;3164
3165;5961;3165
3166;5962;3166
3167;5963;3167
3168;5964;3168
3169;5965;3169
3170;5967;3170
3171;5968;3171
3172;5968;3172
3173;5969;3173
3174;5970;3174
3175;5971;3175
3176;5972;3176
3177;5973;3177
3178;5974;3178
3179;5975;3179
3180;5975;3180
3181;5976;3181
3182;5976;3182
3183;5977;3183
3184;5978;3184
3185;5979;3185
3186;5980;3186
3187;5980;3187
3188;5981;3188
3189;5981;3189
3190;5982;3190
3191;5982;3191
3192;5983;3192
3193;5984;3193
3194;5985;3194
3195;5986;3195
3196;5986;3196
3197;5987;3197
3198;5987;3198
3199;5988;3199
3200;5989;3200
3201;5990;3201
3202;5991;3202
3203;5992;3203
3204;5993;3204
3205;5994;3205
3206;5995;3206
3207;5996;3207
3208;5997;3208
3209;5998;3209
3210;5998;3210
3211;5999;3211
3212;5999;3212
3213;6000;3213
3214;6001;3214
3215;6003;3215
3216;6004;3216
3217;6005;3217
3218;6008;3218
3219;6010;3219
3220;6011;3220
3221;6011;3221
3222;6012;3222
3223;6012;3223
3224;6017;3224
3225;6017;3225
3226;6018;3226
3227;6018;3227
3228;6019;3228
3229;6020;3229
3230;6021;3230
3231;6022;3231
3232;6023;3232
3233;6024;3233
3234;6025;3234
3235;6026;3235
3236;6027;3236
3237;6027;3237
3238;6028;3238
3239;6029;3239
3240;6031;3240
3241;6031;3241
3242;6032;3242
3243;6033;3243
3244;6034;3244
3245;6034;3245
3246;6035;3246
3247;6036;3247
3248;6036;3248
3249;6037;3249
3250;6038;3250
3251;6039;3251
3252;6040;3252
3253;6041;3253
3254;6042;3254
3255;6042;3255
3256;6043;3256
3257;6045;3257
3258;6046;3258
3259;6047;3259
3260;6047;3260
3261;6048;3261
3262;6049;3262
3263;6050;3263
3264;6050;3264
3265;6051;3265
3266;6052;3266
3267;6053;3267
3268;6054;3268
3269;6055;3269
3270;6056;3270
3271;6057;3271
3272;6058;3272
3273;6059;3273
3274;6060;3274
3275;6060;3275
3276;6061;3276
3277;6062;3277
3278;6062;3278
3279;6062;3279
3280;6063;3280
3281;6064;3281
3282;6065;3282
3283;6066;3283
3284;6067;3284
3285;6067;3285
3286;6068;3286
3287;6069;3287
3288;6070;3288
3289;6071;3289
3290;6072;3290
3291;6073;3291
3292;6074;3292
3293;6076;3293
3294;6076;3294
3295;6077;3295
3296;6079;3296
3297;6080;3297
3298;6081;3298
3299;6082;3299
3300;6083;3300
3301;6083;3301
3302;6083;3302
3303;6084;3303
3304;6085;3304
3305;6086;3305
3306;6086;3306
3307;6087;3307
3308;6088;3308
3309;6089;3309
3310;6090;3310
3311;6091;3311
3312;6092;3312
3313;6093;3313
3314;6093;3314
3315;6094;3315
3316;6095;3316
3317;6096;3317
3318;6097;3318
3319;6098;3319
3320;6098;3320
3321;6099;3321
3322;6100;3322
3323;6101;3323
3324;6102;3324
3325;6103;3325
3326;6104;3326
3327;6105;3327
3328;6106;3328
3329;6107;3329
3330;6108;3330
3331;6110;3331
3332;6111;3332
3333;6112;3333
3334;6113;3334
3335;6114;3335
3336;6115;3336
3337;6116;3337
3338;6117;3338
3339;6118;3339
3340;6118;3340
3341;6119;3341
3342;6121;3342
3343;6121;3343
3344;6122;3344
3345;6123;3345
3346;6124;3346
3347;6126;3347
3348;6127;3348
3349;6127;3349
3350;6128;3350
3351;6134;3351
3352;6135;3352
3353;6136;3353
3354;6137;3354
3355;6138;3355
3356;6139;3356
3357;6140;3357
3358;6140;3358
3359;6141;3359
3360;6142;3360
3361;6143;3361
3362;6144;3362
3363;6145;3363
3364;6146;3364
3365;6147;3365
3366;6148;3366
3367;6150;3367
3368;6150;3368
3369;6151;3369
3370;6152;3370
3371;6153;3371
3372;6154;3372
3373;6155;3373
3374;6156;3374
3375;6157;3375
3376;6157;3376
3377;6158;3377
3378;6159;3378
3379;6160;3379
3380;6161;3380
3381;6162;3381
3382;6163;3382
3383;6164;3383
3384;6165;3384
3385;6166;3385
3386;6167;3386
3387;6167;3387
3388;6171;3388
3389;6172;3389
3390;6172;3390
3391;6173;3391
3392;6173;3392
3393;6174;3393
3394;6175;3394
3395;6176;3395
3396;6177;3396
3397;6178;3397
3398;6179;3398
3399;6180;3399
3400;6181;3400
3401;6182;3401
3402;6184;3402
3403;6184;3403
3404;6185;3404
3405;6186;3405
3406;6187;3406
3407;6188;3407
3408;6190;3408
3409;6191;3409
3410;6192;3410
3411;6193;3411
3412;6193;3412
3413;6194;3413
3414;6194;3414
3415;6195;3415
3416;6196;3416
3417;6197;3417
3418;6198;3418
3419;6199;3419
3420;6199;3420
3421;6200;3421
3422;6201;3422
3423;6201;3423
3424;6202;3424
3425;6203;3425
3426;6203;3426
3427;6204;3427
3428;6204;3428
3429;6204;3429
3430;6205;3430
3431;6206;3431
3432;6206;3432
3433;6207;3433
3434;6207;3434
3435;6208;3435
3436;6208;3436
3437;6208;3437
3438;6209;3438
3439;6209;3439
3440;6212;3440
3441;6212;3441
3442;6213;3442
3443;6214;3443
3444;6214;3444
3445;6217;3445
3446;6218;3446
3447;6219;3447
3448;6220;3448
3449;6221;3449
3450;6224;3450
3451;6225;3451
3452;6225;3452
3453;6225;3453
3454;6226;3454
3455;6227;3455
3456;6234;3456
3457;6235;3457
3458;6236;3458
3459;6236;3459
3460;6237;3460
3461;6237;3461
3462;6237;3462
3463;6238;3463
3464;6241;3464
3465;6242;3465
3466;6243;3466
3467;6245;3467
3468;6246;3468
3469;6246;3469
3470;6250;3470
3471;6251;3471
3472;6252;3472
3473;6253;3473
3474;6254;3474
3475;6255;3475
3476;6256;3476
3477;6257;3477
3478;6258;3478
3479;6259;3479
3480;6260;3480
3481;6262;3481
3482;6262;3482
3483;6263;3483
3484;6264;3484
3485;6265;3485
3486;6267;3486
3487;6271;3487
3488;6272;3488
3489;6276;3489
3490;6277;3490
3491;6278;3491
3492;6279;3492
3493;6280;3493
3494;6281;3494
3495;6282;3495
3496;6282;3496
3497;6294;3497
3498;6296;3498
3499;6297;3499
3500;6298;3500
3501;6298;3501
3502;6300;3502
3503;6302;3503
3504;6302;3504
3505;6303;3505
3506;6305;3506
3507;6306;3507
3508;6308;3508
3509;6309;3509
3510;6309;3510
3511;6310;3511
3512;6312;3512
3513;6313;3513
3514;6314;3514
3515;6315;3515
3516;6316;3516
3517;6316;3517
3518;6317;3518
3519;6318;3519
3520;6319;3520
3521;6320;3521
3522;6320;3522
3523;6321;3523
3524;6322;3524
3525;6323;3525
3526;6324;3526
3527;6325;3527
3528;6325;3528
3529;6326;3529
3530;6327;3530
3531;6328;3531
3532;6329;3532
3533;6330;3533
3534;6331;3534
3535;6332;3535
3536;6334;3536
3537;6335;3537
3538;6336;3538
3539;6337;3539
3540;6337;3540
3541;6338;3541
3542;6338;3542
3543;6340;3543
3544;6345;3544
3545;6346;3545
3546;6353;3546
3547;6353;3547
3548;6354;3548
3549;6354;3549
3550;6355;3550
3551;6356;3551
3552;6358;3552
3553;6360;3553
3554;6361;3554
3555;6363;3555
3556;6370;3556
3557;6371;3557
3558;6372;3558
3559;6373;3559
3560;6376;3560
3561;6376;3561
3562;6382;3562
3563;6383;3563
3564;6383;3564
3565;6384;3565
3566;6386;3566
3567;6387;3567
3568;6388;3568
3569;6389;3569
3570;6390;3570
3571;6390;3571
3572;6391;3572
3573;6393;3573
3574;6394;3574
3575;6395;3575
3576;6395;3576
3577;6396;3577
3578;6396;3578
3579;6398;3579
3580;6399;3580
3581;6399;3581
3582;6400;3582
3583;6400;3583
3584;6401;3584
3585;6402;3585
3586;6403;3586
3587;6405;3587
3588;6406;3588
3589;6407;3589
3590;6408;3590
3591;6409;3591
3592;6410;3592
3593;6411;3593
3594;6412;3594
3595;6413;3595
3596;6414;3596
3597;6415;3597
3598;6416;3598
3599;6417;3599
3600;6418;3600
3601;6419;3601
3602;6421;3602
3603;6422;3603
3604;6423;3604
3605;6424;3605
3606;6425;3606
3607;6426;3607
3608;6427;3608
3609;6428;3609
3610;6429;3610
3611;6430;3611
3612;6430;3612
3613;6431;3613
3614;6432;3614
3615;6432;3615
3616;6433;3616
3617;6434;3617
3618;6435;3618
3619;6436;3619
3620;6437;3620
3621;6438;3621
3622;6439;3622
3623;6440;3623
3624;6441;3624
3625;6442;3625
3626;6443;3626
3627;6444;3627
3628;6444;3628
3629;6445;3629
3630;6446;3630
3631;6447;3631
3632;6448;3632
3633;6449;3633
3634;6449;3634
3635;6450;3635
3636;6451;3636
3637;6452;3637
3638;6453;3638
3639;6454;3639
3640;6455;3640
3641;6455;3641
3642;6456;3642
3643;6457;3643
3644;6459;3644
3645;6460;3645
3646;6461;3646
3647;6462;3647
3648;6469;3648
3649;6470;3649
3650;6473;3650
3651;6474;3651
3652;6475;3652
3653;6480;3653
3654;6487;3654
3655;6488;3655
3656;6489;3656
3657;6500;3657
3658;6500;3658
3659;6501;3659
3660;6502;3660
3661;6502;3661
3662;6516;3662
3663;6517;3663
3664;6529;3664
3665;6530;3665
3666;6531;3666
3667;6533;3667
3668;6533;3668
3669;6540;3669
3670;6541;3670
3671;6549;3671
3672;6550;3672
3673;6550;3673
3674;6551;3674
3675;6551;3675
3676;6553;3676
3677;6555;3677
3678;6557;3678
3679;6558;3679
3680;6559;3680
3681;6560;3681
3682;6561;3682
3683;6562;3683
3684;6562;3684
3685;6563;3685
3686;6564;3686
3687;6565;3687
3688;6566;3688
3689;6567;3689
3690;6568;3690
3691;6569;3691
3692;6570;3692
3693;6571;3693
3694;6572;3694
3695;6572;3695
3696;6574;3696
3697;6575;3697
3698;6577;3698
3699;6577;3699
3700;6580;3700
3701;6581;3701
3702;6583;3702
3703;6584;3703
3704;6585;3704
3705;6586;3705
3706;6587;3706
3707;6587;3707
3708;6590;3708
3709;6591;3709
3710;6593;3710
3711;6594;3711
3712;6595;3712
3713;6596;3713
3714;6597;3714
3715;6598;3715
3716;6599;3716
3717;6603;3717
3718;6604;3718
3719;6605;3719
3720;6606;3720
3721;6607;3721
3722;6608;3722
3723;6610;3723
3724;6611;3724
3725;6612;3725
3726;6613;3726
3727;6615;3727
3728;6616;3728
3729;6620;3729
3730;6621;3730
3731;6622;3731
3732;6623;3732
3733;6626;3733
3734;6627;3734
3735;6628;3735
3736;6628;3736
3737;6629;3737
3738;6630;3738
3739;6631;3739
3740;6632;3740
3741;6633;3741
3742;6634;3742
3743;6635;3743
3744;6636;3744
3745;6637;3745
3746;6638;3746
3747;6639;3747
3748;6639;3748
3749;6640;3749
3750;6642;3750
3751;6642;3751
3752;6646;3752
3753;6647;3753
3754;6648;3754
3755;6648;3755
3756;6649;3756
3757;6649;3757
3758;6650;3758
3759;6651;3759
3760;6652;3760
3761;6653;3761
3762;6654;3762
3763;6655;3763
3764;6655;3764
3765;6656;3765
3766;6656;3766
3767;6657;3767
3768;6658;3768
3769;6659;3769
3770;6659;3770
3771;6660;3771
3772;6661;3772
3773;6663;3773
3774;6664;3774
3775;6665;3775
3776;6666;3776
3777;6667;3777
3778;6668;3778
3779;6669;3779
3780;6670;3780
3781;6671;3781
3782;6672;3782
3783;6673;3783
3784;6674;3784
3785;6675;3785
3786;6676;3786
3787;6677;3787
3788;6678;3788
3789;6680;3789
3790;6681;3790
3791;6681;3791
3792;6682;3792
3793;6683;3793
3794;6684;3794
3795;6685;3795
3796;6685;3796
3797;6686;3797
3798;6687;3798
3799;6688;3799
3800;6689;3800
3801;6690;3801
3802;6691;3802
3803;6691;3803
3804;6692;3804
3805;6693;3805
3806;6694;3806
3807;6695;3807
3808;6696;3808
3809;6697;3809
3810;6698;3810
3811;6699;3811
3812;6699;3812
3813;6700;3813
3814;6701;3814
3815;6702;3815
3816;6703;3816
3817;6704;3817
3818;6705;3818
3819;6706;3819
3820;6707;3820
3821;6708;3821
3822;6709;3822
3823;6710;3823
3824;6711;3824
3825;6712;3825
3826;6713;3826
3827;6713;3827
3828;6714;3828
3829;6715;3829
3830;6716;3830
3831;6717;3831
3832;6718;3832
3833;6719;3833
3834;6720;3834
3835;6721;3835
3836;6722;3836
3837;6723;3837
3838;6724;3838
3839;6725;3839
3840;6726;3840
3841;6727;3841
3842;6727;3842
3843;6728;3843
3844;6729;3844
3845;6730;3845
3846;6731;3846
3847;6732;3847
3848;6733;3848
3849;6734;3849
3850;6735;3850
3851;6736;3851
3852;6737;3852
3853;6740;3853
3854;6741;3854
3855;6748;3855
3856;6749;3856
3857;6750;3857
3858;6751;3858
3859;6752;3859
3860;6754;3860
3861;6755;3861
3862;6756;3862
3863;6756;3863
3864;6757;3864
3865;6758;3865
3866;6759;3866
3867;6760;3867
3868;6761;3868
3869;6765;3869
3870;6767;3870
3871;6769;3871
3872;6770;3872
3873;6771;3873
3874;6771;3874
3875;6772;3875
3876;6773;3876
3877;6774;3877
3878;6776;3878
3879;6776;3879
3880;6776;3880
3881;6777;3881
3882;6778;3882
3883;6778;3883
3884;6779;3884
3885;6781;3885
3886;6781;3886
3887;6782;3887
3888;6782;3888
3889;6783;3889
3890;6784;3890
3891;6785;3891
3892;6786;3892
3893;6787;3893
3894;6788;3894
3895;6789;3895
3896;6791;3896
3897;6792;3897
3898;6793;3898
3899;6794;3899
3900;6795;3900
3901;6796;3901
3902;6797;3902
3903;6798;3903
3904;6800;3904
3905;6801;3905
3906;6802;3906
3907;6805;3907
3908;6806;3908
3909;6807;3909
3910;6808;3910
3911;6809;3911
3912;6810;3912
3913;6811;3913
3914;6812;3914
3915;6813;3915
3916;6814;3916
3917;6817;3917
3918;6818;3918
3919;6818;3919
3920;6819;3920
3921;6820;3921
3922;6821;3922
3923;6822;3923
3924;6823;3924
3925;6824;3925
3926;6825;3926
3927;6825;3927
3928;6826;3928
3929;6827;3929
3930;6827;3930
3931;6828;3931
3932;6828;3932
3933;6829;3933
3934;6830;3934
3935;6831;3935
3936;6832;3936
3937;6833;3937
3938;6835;3938
3939;6836;3939
3940;6837;3940
3941;6838;3941
3942;6839;3942
3943;6840;3943
3944;6840;3944
3945;6841;3945
3946;6842;3946
3947;6843;3947
3948;6844;3948
3949;6845;3949
3950;6846;3950
3951;6847;3951
3952;6849;3952
3953;6850;3953
3954;6850;3954
3955;6851;3955
3956;6852;3956
3957;6853;3957
3958;6854;3958
3959;6855;3959
3960;6856;3960
3961;6857;3961
3962;6858;3962
3963;6859;3963
3964;6860;3964
3965;6861;3965
3966;6863;3966
3967;6864;3967
3968;6865;3968
3969;6866;3969
3970;6867;3970
3971;6868;3971
3972;6869;3972
3973;6870;3973
3974;6871;3974
3975;6872;3975
3976;6873;3976
3977;6874;3977
3978;6875;3978
3979;6876;3979
3980;6877;3980
3981;6878;3981
3982;6879;3982
3983;6880;3983
3984;6881;3984
3985;6882;3985
3986;6883;3986
3987;6885;3987
3988;6885;3988
3989;6886;3989
3990;6887;3990
3991;6888;3991
3992;6889;3992
3993;6890;3993
3994;6891;3994
3995;6892;3995
3996;6893;3996
3997;6894;3997
3998;6895;3998
3999;6895;3999
4000;6896;4000
4001;6897;4001
4002;6898;4002
4003;6899;4003
4004;6900;4004
4005;6901;4005
4006;6902;4006
4007;6903;4007
4008;6903;4008
4009;6904;4009
4010;6905;4010
4011;6906;4011
4012;6907;4012
4013;6908;4013
4014;6909;4014
4015;6910;4015
4016;6911;4016
4017;6911;4017
4018;6912;4018
4019;6913;4019
4020;6914;4020
4021;6915;4021
4022;6916;4022
4023;6917;4023
4024;6918;4024
4025;6919;4025
4026;6920;4026
4027;6921;4027
4028;6922;4028
4029;6923;4029
4030;6924;4030
4031;6925;4031
4032;6926;4032
4033;6927;4033
4034;6928;4034
4035;6930;4035
4036;6930;4036
4037;6931;4037
4038;6932;4038
4039;6933;4039
4040;6934;4040
4041;6935;4041
4042;6936;4042
4043;6936;4043
4044;6937;4044
4045;6937;4045
4046;6938;4046
4047;6939;4047
4048;6940;4048
4049;6941;4049
4050;6942;4050
4051;6943;4051
4052;6944;4052
4053;6945;4053
4054;6946;4054
4055;6947;4055
4056;6948;4056
4057;6949;4057
4058;6950;4058
4059;6951;4059
4060;6951;4060
4061;6952;4061
4062;6953;4062
4063;6954;4063
4064;6955;4064
4065;6956;4065
4066;6958;4066
4067;6959;4067
4068;6959;4068
4069;6960;4069
4070;6961;4070
4071;6962;4071
4072;6963;4072
4073;6964;4073
4074;6965;4074
4075;6966;4075
4076;6967;4076
4077;6968;4077
4078;6969;4078
4079;6969;4079
4080;6970;4080
4081;6971;4081
4082;6972;4082
4083;6973;4083
4084;6974;4084
4085;6974;4085
4086;6975;4086
4087;6975;4087
4088;6976;4088
4089;6977;4089
4090;6978;4090
4091;6979;4091
4092;6980;4092
4093;6981;4093
4094;6982;4094
4095;6983;4095
4096;6984;4096
4097;6985;4097
4098;6986;4098
4099;6987;4099
4100;6988;4100
4101;6989;4101
4102;6990;4102
4103;6990;4103
4104;6991;4104
4105;6992;4105
4106;6993;4106
4107;6994;4107
4108;6995;4108
4109;6996;4109
4110;6998;4110
4111;6999;4111
4112;7000;4112
4113;7001;4113
4114;7002;4114
4115;7003;4115
4116;7004;4116
4117;7005;4117
4118;7006;4118
4119;7008;4119
4120;7009;4120
4121;7010;4121
4122;7011;4122
4123;7012;4123
4124;7013;4124
4125;7014;4125
4126;7015;4126
4127;7016;4127
4128;7017;4128
4129;7018;4129
4130;7019;4130
4131;7019;4131
4132;7020;4132
4133;7021;4133
4134;7022;4134
4135;7023;4135
4136;7024;4136
4137;7024;4137
4138;7025;4138
4139;7026;4139
4140;7027;4140
4141;7028;4141
4142;7029;4142
4143;7030;4143
4144;7031;4144
4145;7032;4145
4146;7033;4146
4147;7034;4147
4148;7035;4148
4149;7035;4149
4150;7036;4150
4151;7037;4151
4152;7039;4152
4153;7040;4153
4154;7041;4154
4155;7042;4155
4156;7043;4156
4157;7044;4157
4158;7045;4158
4159;7046;4159
4160;7047;4160
4161;7048;4161
4162;7049;4162
4163;7050;4163
4164;7050;4164
4165;7051;4165
4166;7052;4166
4167;7053;4167
4168;7054;4168
4169;7054;4169
4170;7055;4170
4171;7055;4171
4172;7056;4172
4173;7057;4173
4174;7058;4174
4175;7059;4175
4176;7060;4176
4177;7061;4177
4178;7061;4178
4179;7062;4179
4180;7063;4180
4181;7064;4181
4182;7065;4182
4183;7066;4183
4184;7067;4184
4185;7068;4185
4186;7069;4186
4187;7070;4187
4188;7071;4188
4189;7072;4189
4190;7073;4190
4191;7074;4191
4192;7075;4192
4193;7076;4193
4194;7077;4194
4195;7078;4195
4196;7079;4196
4197;7080;4197
4198;7081;4198
4199;7082;4199
4200;7083;4200
4201;7084;4201
4202;7085;4202
4203;7086;4203
4204;7087;4204
4205;7088;4205
4206;7089;4206
4207;7090;4207
4208;7091;4208
4209;7092;4209
4210;7092;4210
4211;7093;4211
4212;7094;4212
4213;7095;4213
4214;7096;4214
4215;7097;4215
4216;7098;4216
4217;7099;4217
4218;7100;4218
4219;7101;4219
4220;7102;4220
4221;7103;4221
4222;7104;4222
4223;7104;4223
4224;7105;4224
4225;7106;4225
4226;7107;4226
4227;7108;4227
4228;7109;4228
4229;7110;4229
4230;7111;4230
4231;7112;4231
4232;7113;4232
4233;7114;4233
4234;7115;4234
4235;7115;4235
4236;7116;4236
4237;7117;4237
4238;7118;4238
4239;7119;4239
4240;7120;4240
4241;7120;4241
4242;7121;4242
4243;7122;4243
4244;7123;4244
4245;7124;4245
4246;7125;4246
4247;7126;4247
4248;7126;4248
4249;7127;4249
4250;7128;4250
4251;7129;4251
4252;7130;4252
4253;7131;4253
4254;7132;4254
4255;7133;4255
4256;7134;4256
4257;7135;4257
4258;7136;4258
4259;7137;4259
4260;7138;4260
4261;7139;4261
4262;7140;4262
4263;7141;4263
4264;7142;4264
4265;7143;4265
4266;7144;4266
4267;7145;4267
4268;7146;4268
4269;7147;4269
4270;7148;4270
4271;7149;4271
4272;7150;4272
4273;7150;4273
4274;7151;4274
4275;7153;4275
4276;7154;4276
4277;7155;4277
4278;7156;4278
4279;7157;4279
4280;7158;4280
4281;7159;4281
4282;7160;4282
4283;7161;4283
4284;7162;4284
4285;7163;4285
4286;7164;4286
4287;7165;4287
4288;7166;4288
4289;7167;4289
4290;7168;4290
4291;7169;4291
4292;7170;4292
4293;7171;4293
4294;7172;4294
4295;7173;4295
4296;7174;4296
4297;7175;4297
4298;7176;4298
4299;7176;4299
4300;7177;4300
4301;7178;4301
4302;7179;4302
4303;7180;4303
4304;7180;4304
4305;7181;4305
4306;7181;4306
4307;7182;4307
4308;7187;4308
4309;7188;4309
4310;7189;4310
4311;7190;4311
4312;7191;4312
4313;7192;4313
4314;7193;4314
4315;7194;4315
4316;7195;4316
4317;7196;4317
4318;7197;4318
4319;7198;4319
4320;7200;4320
4321;7201;4321
4322;7202;4322
4323;7203;4323
4324;7204;4324
4325;7206;4325
4326;7207;4326
4327;7208;4327
4328;7209;4328
4329;7210;4329
4330;7211;4330
4331;7212;4331
4332;7213;4332
4333;7214;4333
4334;7215;4334
4335;7216;4335
4336;7217;4336
4337;7218;4337
4338;7219;4338
4339;7220;4339
4340;7221;4340
4341;7222;4341
4342;7223;4342
4343;7224;4343
4344;7225;4344
4345;7226;4345
4346;7227;4346
4347;7228;4347
4348;7229;4348
4349;7229;4349
4350;7230;4350
4351;7231;4351
4352;7231;4352
4353;7232;4353
4354;7233;4354
4355;7234;4355
4356;7235;4356
4357;7236;4357
4358;7237;4358
4359;7239;4359
4360;7240;4360
4361;7241;4361
4362;7242;4362
4363;7243;4363
4364;7244;4364
4365;7245;4365
4366;7247;4366
4367;7248;4367
4368;7249;4368
4369;7250;4369
4370;7251;4370
4371;8250;4371
4372;8251;4372
4373;8252;4373
4374;4067;4374
